
--
-- Dumping data for table `country`
--

INSERT INTO `country` (`id`, `code`, `name`, `language`) VALUES
(1, 'AF', 'Afghanistan', 'ENGLISH'),
(2, 'AL', 'Albania', 'ENGLISH'),
(3, 'DZ', 'Algeria', 'ENGLISH'),
(4, 'DS', 'American Samoa', 'ENGLISH'),
(5, 'AD', 'Andorra', 'ENGLISH'),
(6, 'AO', 'Angola', 'ENGLISH'),
(7, 'AI', 'Anguilla', 'ENGLISH'),
(8, 'AQ', 'Antarctica', 'ENGLISH'),
(9, 'AG', 'Antigua and Barbuda', 'ENGLISH'),
(10, 'AR', 'Argentina', 'ENGLISH'),
(11, 'AM', 'Armenia', 'ENGLISH'),
(12, 'AW', 'Aruba', 'ENGLISH'),
(13, 'AU', 'Australia', 'ENGLISH'),
(14, 'AT', 'Austria', 'ENGLISH'),
(15, 'AZ', 'Azerbaijan', 'ENGLISH'),
(16, 'BS', 'Bahamas', 'ENGLISH'),
(17, 'BH', 'Bahrain', 'ENGLISH'),
(18, 'BD', 'Bangladesh', 'ENGLISH'),
(19, 'BB', 'Barbados', 'ENGLISH'),
(20, 'BY', 'Belarus', 'ENGLISH'),
(21, 'BE', 'Belgium', 'ENGLISH'),
(22, 'BZ', 'Belize', 'ENGLISH'),
(23, 'BJ', 'Benin', 'ENGLISH'),
(24, 'BM', 'Bermuda', 'ENGLISH'),
(25, 'BT', 'Bhutan', 'ENGLISH'),
(26, 'BO', 'Bolivia', 'ENGLISH'),
(27, 'BA', 'Bosnia and Herzegovina', 'ENGLISH'),
(28, 'BW', 'Botswana', 'ENGLISH'),
(29, 'BV', 'Bouvet Island', 'ENGLISH'),
(30, 'BR', 'Brazil', 'ENGLISH'),
(31, 'IO', 'British Indian Ocean Territory', 'ENGLISH'),
(32, 'BN', 'Brunei Darussalam', 'ENGLISH'),
(33, 'BG', 'Bulgaria', 'ENGLISH'),
(34, 'BF', 'Burkina Faso', 'ENGLISH'),
(35, 'BI', 'Burundi', 'ENGLISH'),
(36, 'KH', 'Cambodia', 'ENGLISH'),
(37, 'CM', 'Cameroon', 'ENGLISH'),
(38, 'CA', 'Canada', 'ENGLISH'),
(39, 'CV', 'Cape Verde', 'ENGLISH'),
(40, 'KY', 'Cayman Islands', 'ENGLISH'),
(41, 'CF', 'Central African Republic', 'ENGLISH'),
(42, 'TD', 'Chad', 'ENGLISH'),
(43, 'CL', 'Chile', 'ENGLISH'),
(44, 'CN', 'China', 'ENGLISH'),
(45, 'CX', 'Christmas Island', 'ENGLISH'),
(46, 'CC', 'Cocos (Keeling) Islands', 'ENGLISH'),
(47, 'CO', 'Colombia', 'ENGLISH'),
(48, 'KM', 'Comoros', 'ENGLISH'),
(49, 'CG', 'Congo', 'ENGLISH'),
(50, 'CK', 'Cook Islands', 'ENGLISH'),
(51, 'CR', 'Costa Rica', 'ENGLISH'),
(52, 'HR', 'Croatia (Hrvatska)', 'ENGLISH'),
(53, 'CU', 'Cuba', 'ENGLISH'),
(54, 'CY', 'Cyprus', 'ENGLISH'),
(55, 'CZ', 'Czech Republic', 'ENGLISH'),
(56, 'DK', 'Denmark', 'ENGLISH'),
(57, 'DJ', 'Djibouti', 'ENGLISH'),
(58, 'DM', 'Dominica', 'ENGLISH'),
(59, 'DO', 'Dominican Republic', 'ENGLISH'),
(60, 'TP', 'East Timor', 'ENGLISH'),
(61, 'EC', 'Ecuador', 'ENGLISH'),
(62, 'EG', 'Egypt', 'ENGLISH'),
(63, 'SV', 'El Salvador', 'ENGLISH'),
(64, 'GQ', 'Equatorial Guinea', 'ENGLISH'),
(65, 'ER', 'Eritrea', 'ENGLISH'),
(66, 'EE', 'Estonia', 'ENGLISH'),
(67, 'ET', 'Ethiopia', 'ENGLISH'),
(68, 'FK', 'Falkland Islands (Malvinas)', 'ENGLISH'),
(69, 'FO', 'Faroe Islands', 'ENGLISH'),
(70, 'FJ', 'Fiji', 'ENGLISH'),
(71, 'FI', 'Finland', 'ENGLISH'),
(72, 'FR', 'France', 'ENGLISH'),
(73, 'FX', 'France, Metropolitan', 'ENGLISH'),
(74, 'GF', 'French Guiana', 'ENGLISH'),
(75, 'PF', 'French Polynesia', 'ENGLISH'),
(76, 'TF', 'French Southern Territories', 'ENGLISH'),
(77, 'GA', 'Gabon', 'ENGLISH'),
(78, 'GM', 'Gambia', 'ENGLISH'),
(79, 'GE', 'Georgia', 'ENGLISH'),
(80, 'DE', 'Germany', 'ENGLISH'),
(81, 'GH', 'Ghana', 'ENGLISH'),
(82, 'GI', 'Gibraltar', 'ENGLISH'),
(83, 'GK', 'Guernsey', 'ENGLISH'),
(84, 'GR', 'Greece', 'ENGLISH'),
(85, 'GL', 'Greenland', 'ENGLISH'),
(86, 'GD', 'Grenada', 'ENGLISH'),
(87, 'GP', 'Guadeloupe', 'ENGLISH'),
(88, 'GU', 'Guam', 'ENGLISH'),
(89, 'GT', 'Guatemala', 'ENGLISH'),
(90, 'GN', 'Guinea', 'ENGLISH'),
(91, 'GW', 'Guinea-Bissau', 'ENGLISH'),
(92, 'GY', 'Guyana', 'ENGLISH'),
(93, 'HT', 'Haiti', 'ENGLISH'),
(94, 'HM', 'Heard and Mc Donald Islands', 'ENGLISH'),
(95, 'HN', 'Honduras', 'ENGLISH'),
(96, 'HK', 'Hong Kong', 'ENGLISH'),
(97, 'HU', 'Hungary', 'ENGLISH'),
(98, 'IS', 'Iceland', 'ENGLISH'),
(99, 'IN', 'India', 'ENGLISH'),
(100, 'IM', 'Isle of Man', 'ENGLISH'),
(101, 'ID', 'Indonesia', 'ENGLISH'),
(102, 'IR', 'Iran (Islamic Republic of)', 'ENGLISH'),
(103, 'IQ', 'Iraq', 'ENGLISH'),
(104, 'IE', 'Ireland', 'ENGLISH'),
(105, 'IL', 'Israel', 'ENGLISH'),
(106, 'IT', 'Italy', 'ENGLISH'),
(107, 'CI', 'Ivory Coast', 'ENGLISH'),
(108, 'JE', 'Jersey', 'ENGLISH'),
(109, 'JM', 'Jamaica', 'ENGLISH'),
(110, 'JP', 'Japan', 'ENGLISH'),
(111, 'JO', 'Jordan', 'ENGLISH'),
(112, 'KZ', 'Kazakhstan', 'ENGLISH'),
(113, 'KE', 'Kenya', 'ENGLISH'),
(114, 'KI', 'Kiribati', 'ENGLISH'),
(115, 'KP', 'Korea, Democratic People\'s Republic of', 'ENGLISH'),
(116, 'KR', 'Korea, Republic of', 'ENGLISH'),
(117, 'XK', 'Kosovo', 'ENGLISH'),
(118, 'KW', 'Kuwait', 'ENGLISH'),
(119, 'KG', 'Kyrgyzstan', 'ENGLISH'),
(120, 'LA', 'Lao People\'s Democratic Republic', 'ENGLISH'),
(121, 'LV', 'Latvia', 'ENGLISH'),
(122, 'LB', 'Lebanon', 'ENGLISH'),
(123, 'LS', 'Lesotho', 'ENGLISH'),
(124, 'LR', 'Liberia', 'ENGLISH'),
(125, 'LY', 'Libyan Arab Jamahiriya', 'ENGLISH'),
(126, 'LI', 'Liechtenstein', 'ENGLISH'),
(127, 'LT', 'Lithuania', 'ENGLISH'),
(128, 'LU', 'Luxembourg', 'ENGLISH'),
(129, 'MO', 'Macau', 'ENGLISH'),
(130, 'MK', 'Macedonia', 'ENGLISH'),
(131, 'MG', 'Madagascar', 'ENGLISH'),
(132, 'MW', 'Malawi', 'ENGLISH'),
(133, 'MY', 'Malaysia', 'ENGLISH'),
(134, 'MV', 'Maldives', 'ENGLISH'),
(135, 'ML', 'Mali', 'ENGLISH'),
(136, 'MT', 'Malta', 'ENGLISH'),
(137, 'MH', 'Marshall Islands', 'ENGLISH'),
(138, 'MQ', 'Martinique', 'ENGLISH'),
(139, 'MR', 'Mauritania', 'ENGLISH'),
(140, 'MU', 'Mauritius', 'ENGLISH'),
(141, 'TY', 'Mayotte', 'ENGLISH'),
(142, 'MX', 'Mexico', 'ENGLISH'),
(143, 'FM', 'Micronesia, Federated States of', 'ENGLISH'),
(144, 'MD', 'Moldova, Republic of', 'ENGLISH'),
(145, 'MC', 'Monaco', 'ENGLISH'),
(146, 'MN', 'Mongolia', 'ENGLISH'),
(147, 'ME', 'Montenegro', 'ENGLISH'),
(148, 'MS', 'Montserrat', 'ENGLISH'),
(149, 'MA', 'Morocco', 'ENGLISH'),
(150, 'MZ', 'Mozambique', 'ENGLISH'),
(151, 'MM', 'Myanmar', 'ENGLISH'),
(152, 'NA', 'Namibia', 'ENGLISH'),
(153, 'NR', 'Nauru', 'ENGLISH'),
(154, 'NP', 'Nepal', 'ENGLISH'),
(155, 'NL', 'Netherlands', 'ENGLISH'),
(156, 'AN', 'Netherlands Antilles', 'ENGLISH'),
(157, 'NC', 'New Caledonia', 'ENGLISH'),
(158, 'NZ', 'New Zealand', 'ENGLISH'),
(159, 'NI', 'Nicaragua', 'ENGLISH'),
(160, 'NE', 'Niger', 'ENGLISH'),
(161, 'NG', 'Nigeria', 'ENGLISH'),
(162, 'NU', 'Niue', 'ENGLISH'),
(163, 'NF', 'Norfolk Island', 'ENGLISH'),
(164, 'MP', 'Northern Mariana Islands', 'ENGLISH'),
(165, 'NO', 'Norway', 'ENGLISH'),
(166, 'OM', 'Oman', 'ENGLISH'),
(167, 'PK', 'Pakistan', 'ENGLISH'),
(168, 'PW', 'Palau', 'ENGLISH'),
(169, 'PS', 'Palestine', 'ENGLISH'),
(170, 'PA', 'Panama', 'ENGLISH'),
(171, 'PG', 'Papua New Guinea', 'ENGLISH'),
(172, 'PY', 'Paraguay', 'ENGLISH'),
(173, 'PE', 'Peru', 'ENGLISH'),
(174, 'PH', 'Philippines', 'ENGLISH'),
(175, 'PN', 'Pitcairn', 'ENGLISH'),
(176, 'PL', 'Poland', 'ENGLISH'),
(177, 'PT', 'Portugal', 'ENGLISH'),
(178, 'PR', 'Puerto Rico', 'ENGLISH'),
(179, 'QA', 'Qatar', 'ENGLISH'),
(180, 'RE', 'Reunion', 'ENGLISH'),
(181, 'RO', 'Romania', 'ENGLISH'),
(182, 'RU', 'Russian Federation', 'ENGLISH'),
(183, 'RW', 'Rwanda', 'ENGLISH'),
(184, 'KN', 'Saint Kitts and Nevis', 'ENGLISH'),
(185, 'LC', 'Saint Lucia', 'ENGLISH'),
(186, 'VC', 'Saint Vincent and the Grenadines', 'ENGLISH'),
(187, 'WS', 'Samoa', 'ENGLISH'),
(188, 'SM', 'San Marino', 'ENGLISH'),
(189, 'ST', 'Sao Tome and Principe', 'ENGLISH'),
(190, 'SA', 'Saudi Arabia', 'ENGLISH'),
(191, 'SN', 'Senegal', 'ENGLISH'),
(192, 'RS', 'Serbia', 'ENGLISH'),
(193, 'SC', 'Seychelles', 'ENGLISH'),
(194, 'SL', 'Sierra Leone', 'ENGLISH'),
(195, 'SG', 'Singapore', 'ENGLISH'),
(196, 'SK', 'Slovakia', 'ENGLISH'),
(197, 'SI', 'Slovenia', 'ENGLISH'),
(198, 'SB', 'Solomon Islands', 'ENGLISH'),
(199, 'SO', 'Somalia', 'ENGLISH'),
(200, 'ZA', 'South Africa', 'ENGLISH'),
(201, 'GS', 'South Georgia South Sandwich Islands', 'ENGLISH'),
(202, 'SS', 'South Sudan', 'ENGLISH'),
(203, 'ES', 'Spain', 'ENGLISH'),
(204, 'LK', 'Sri Lanka', 'ENGLISH'),
(205, 'SH', 'St. Helena', 'ENGLISH'),
(206, 'PM', 'St. Pierre and Miquelon', 'ENGLISH'),
(207, 'SD', 'Sudan', 'ENGLISH'),
(208, 'SR', 'Suriname', 'ENGLISH'),
(209, 'SJ', 'Svalbard and Jan Mayen Islands', 'ENGLISH'),
(210, 'SZ', 'Swaziland', 'ENGLISH'),
(211, 'SE', 'Sweden', 'ENGLISH'),
(212, 'CH', 'Switzerland', 'ENGLISH'),
(213, 'SY', 'Syrian Arab Republic', 'ENGLISH'),
(214, 'TW', 'Taiwan', 'ENGLISH'),
(215, 'TJ', 'Tajikistan', 'ENGLISH'),
(216, 'TZ', 'Tanzania, United Republic of', 'ENGLISH'),
(217, 'TH', 'Thailand', 'ENGLISH'),
(218, 'TG', 'Togo', 'ENGLISH'),
(219, 'TK', 'Tokelau', 'ENGLISH'),
(220, 'TO', 'Tonga', 'ENGLISH'),
(221, 'TT', 'Trinidad and Tobago', 'ENGLISH'),
(222, 'TN', 'Tunisia', 'ENGLISH'),
(223, 'TR', 'Turkey', 'ENGLISH'),
(224, 'TM', 'Turkmenistan', 'ENGLISH'),
(225, 'TC', 'Turks and Caicos Islands', 'ENGLISH'),
(226, 'TV', 'Tuvalu', 'ENGLISH'),
(227, 'UG', 'Uganda', 'ENGLISH'),
(228, 'UA', 'Ukraine', 'ENGLISH'),
(229, 'AE', 'United Arab Emirates', 'ENGLISH'),
(230, 'GB', 'United Kingdom', 'ENGLISH'),
(231, 'US', 'United States', 'ENGLISH'),
(232, 'UM', 'United States minor outlying islands', 'ENGLISH'),
(233, 'UY', 'Uruguay', 'ENGLISH'),
(234, 'UZ', 'Uzbekistan', 'ENGLISH'),
(235, 'VU', 'Vanuatu', 'ENGLISH'),
(236, 'VA', 'Vatican City State', 'ENGLISH'),
(237, 'VE', 'Venezuela', 'ENGLISH'),
(238, 'VN', 'Vietnam', 'ENGLISH'),
(239, 'VG', 'Virgin Islands (British)', 'ENGLISH'),
(240, 'VI', 'Virgin Islands (U.S.)', 'ENGLISH'),
(241, 'WF', 'Wallis and Futuna Islands', 'ENGLISH'),
(242, 'EH', 'Western Sahara', 'ENGLISH'),
(243, 'YE', 'Yemen', 'ENGLISH'),
(244, 'ZR', 'Zaire', 'ENGLISH'),
(245, 'ZM', 'Zambia', 'ENGLISH'),
(246, 'ZW', 'Zimbabwe', 'ENGLISH');

-- --------------------------------------------------------

--
-- Dumping data for table `city_country`
--


INSERT INTO `city_country` (`cid`, `c_name`, `c_landmark`, `CountryID`) VALUES
(1, 'Tokyo', 'Tokyo SkyTree', 110),
(2, 'Jakarta', 'Fatahillah Square', 101),
(3, 'Dallas', 'Reunion Tower', 231),
(4, 'Beijing', 'The Hall of Super Harmony at Forbidden City', 44),
(5, 'Lahore', 'Minar-e-Pakistan', 167),
(6, 'Islamabad', 'Faisal Mosque', 167),
(7, 'Karachi', 'Mohatta Palace Museum', 167),
(8, 'Delhi', 'Qutub Minar', 99),
(9, 'Mumbai', 'The Gateway of India', 99),
(10, 'Madeira', 'Museu CR7', 177),
(11, 'Moscow', 'Lake Baikal', 182),
(12, 'London', 'Tower Bridge', 230),
(13, 'Madrid', 'Estadio Santiago Bernabeu', 203),
(14, 'Barcelona', 'Camp Nou', 203),
(15, 'Melbourne', 'Royal Exhibition Building', 13),
(16, 'Aukland', 'Sky Tower', 158),
(17, 'Kouvola', 'Radio Museum Winter', 71),
(18, 'Toronto', 'CN Tower', 38),
(19, 'Kuala Lumpur', 'Petronas Twin Towers', 133),
(20, 'Doha', 'Landmark Mall', 179),
(21, 'Dubai', 'Alladin City', 229),
(22, 'Tehran', 'Azadi Tower', 102),
(23, 'Reykjavík', 'Hofdi House', 98),
(24, 'Berne', 'Einsteinhaus', 212),
(25, 'Berlin', 'The Brandenburg Gate', 80),
(26, 'Paris', 'Eiffel Tower', 72);

-- --------------------------------------------------------

--
-- Dumping data for table `user`
--


INSERT INTO `user` (`uid`, `fname`, `lname`, `email`, `password`, `status`, `dp_url`, `dob`, `ccid`) VALUES
(1, 'James', 'Butt', 'jbutt@gmail.com', '45632rt', 'Offline', 'https://drive.google.com/file/d/15UTgj3CFboxCwmwUsDszgty5AKl1WzHd/view', '1980-04-01', 1),
(2, 'Josephine', 'Darakjy', 'josephine_darakjy@darakjy.org', 'husad2', 'Offline', 'https://drive.google.com/file/d/15UTgj3CFboxCwmwUsDszgty5AKl1WzHd/view', '2000-09-02', 2),
(3, 'Lenna', 'Paprocki', 'lpaprocki@hotmail.com', 'cfdfgf12', 'Offline', 'https://drive.google.com/file/d/15UTgj3CFboxCwmwUsDszgty5AKl1WzHd/view', '1994-02-04', 3),
(4, 'Donette', 'Foller', 'donette.foller@cox.net', 'efaaa1', 'Offline', 'https://drive.google.com/file/d/15UTgj3CFboxCwmwUsDszgty5AKl1WzHd/view', '1998-10-31', 4),
(5, 'Simona', 'Morasca', 'simona@morasca.com', '1lala', 'Offline', 'https://drive.google.com/file/d/15UTgj3CFboxCwmwUsDszgty5AKl1WzHd/view', '1991-12-01', 5),
(6, 'Mitsue', 'Tollner', 'mitsue_tollner@yahoo.com', 'hehe12', 'Offline', 'https://drive.google.com/file/d/15UTgj3CFboxCwmwUsDszgty5AKl1WzHd/view', '1992-01-14', 6),
(7, 'Imran', 'Khan', 'imuukhanpti@pak.com', 'ilovejemima1992', 'Offline', 'https://drive.google.com/file/d/15UTgj3CFboxCwmwUsDszgty5AKl1WzHd/view', '1953-03-05', 7),
(8, 'Kris', 'Marrier', 'kris@gmail.com', 'krisss', 'Offline', 'https://drive.google.com/file/d/15UTgj3CFboxCwmwUsDszgty5AKl1WzHd/view', '1989-06-05', 8),
(9, 'Meaghan', 'Garufi', 'meaghan@hotmail.com', 'mea99', 'Offline', 'https://drive.google.com/file/d/15UTgj3CFboxCwmwUsDszgty5AKl1WzHd/view', '1983-10-01', 9),
(10, 'Fletcher', 'Flosi', 'fletcher.flosi@yahoo.com', 'fluthc', 'Offline', 'https://drive.google.com/file/d/15UTgj3CFboxCwmwUsDszgty5AKl1WzHd/view', '1994-08-05', 10),
(11, 'Veronika', 'Inouye', 'vinouye@aol.com', 'vera', 'Offline', 'https://drive.google.com/file/d/15UTgj3CFboxCwmwUsDszgty5AKl1WzHd/view', '1995-03-10', 11),
(12, 'Alisha', 'Slusarski', 'alisha@slusarski.com', 'slusa', 'Offline', 'https://drive.google.com/file/d/15UTgj3CFboxCwmwUsDszgty5AKl1WzHd/view', '1996-08-23', 12),
(13, 'Bernardo', 'Figeroa', 'bfigeroa@aol.com', 'uloveme', 'Offline', 'https://drive.google.com/file/d/15UTgj3CFboxCwmwUsDszgty5AKl1WzHd/view', '1985-05-02', 13),
(14, 'Chanel', 'Caudy', 'chanel.caudy@caudy.org', 'cloda', 'Offline', 'https://drive.google.com/file/d/15UTgj3CFboxCwmwUsDszgty5AKl1WzHd/view', '1988-04-29', 14),
(15, 'Bette', 'Nicka', 'bette_nicka@cox.net', 'coxy', 'Offline', 'https://drive.google.com/file/d/15UTgj3CFboxCwmwUsDszgty5AKl1WzHd/view', '1999-02-01', 15),
(16, 'Ammie', 'Corrio', 'ammie@corrio.com', 'corre', 'Offline', 'https://drive.google.com/file/d/15UTgj3CFboxCwmwUsDszgty5AKl1WzHd/view', '2002-01-13', 16),
(17, 'Ernie', 'Stenseth', 'ernie_stenseth@aol.com', 'uawe1', 'Offline', 'https://drive.google.com/file/d/15UTgj3CFboxCwmwUsDszgty5AKl1WzHd/view', '1990-06-07', 17),
(18, 'Albina', 'Glick', 'albina@glick.com', 'lol', 'Offline', 'https://drive.google.com/file/d/15UTgj3CFboxCwmwUsDszgty5AKl1WzHd/view', '2004-12-04', 18),
(19, 'Jose', 'Stockham', 'jose@yahoo.com', 'rose', 'Offline', 'https://drive.google.com/file/d/15UTgj3CFboxCwmwUsDszgty5AKl1WzHd/view', '1999-05-01', 19),
(20, 'Rozella', 'Ostrosky', 'rozella.ostrosky@ostrosky.com', 'osos', 'Offline', 'https://drive.google.com/file/d/15UTgj3CFboxCwmwUsDszgty5AKl1WzHd/view', '1979-02-23', 20),
(21, 'Valentine', 'Gillian', 'valentine_gillian@gmail.com', 'valaries', 'Offline', 'https://drive.google.com/file/d/15UTgj3CFboxCwmwUsDszgty5AKl1WzHd/view', '1980-07-30', 21),
(22, 'Kati', 'Rulapaugh', 'kati.rulapaugh@hotmail.com', 'kachim', 'Offline', 'https://drive.google.com/file/d/15UTgj3CFboxCwmwUsDszgty5AKl1WzHd/view', '1993-04-17', 22),
(23, 'Erick', 'Ferencz', 'erick.ferencz@aol.com', 'erd', 'Offline', 'https://drive.google.com/file/d/15UTgj3CFboxCwmwUsDszgty5AKl1WzHd/view', '1987-11-11', 23),
(24, 'Amber', 'Monarrez', 'amber_monarrez@monarrez.org', '125', 'Offline', 'https://drive.google.com/file/d/15UTgj3CFboxCwmwUsDszgty5AKl1WzHd/view', '1998-08-08', 24),
(25, 'Karl', 'Klonowski', 'karl_klonowski@yahoo.com', 'kool', 'Offline', 'https://drive.google.com/file/d/15UTgj3CFboxCwmwUsDszgty5AKl1WzHd/view', '1992-02-04', 25),
(26, 'Jemima', 'Goldsmith', 'jemajema@gmail.com', 'khan', 'Offline', 'https://drive.google.com/file/d/15UTgj3CFboxCwmwUsDszgty5AKl1WzHd/view', '1964-03-01', 12);

-- --------------------------------------------------------

--
-- Dumping data for table `forum`
--


INSERT INTO `forum` (`fid`, `topic`, `question`,`initiated_by`) VALUES
(1, 'Names on Facebook', 'What names are allowed on Facebook?',1),
(2, 'Notifications', 'How do I choose what I get notifications about on Facebook?',1),
(3, 'Account Settings', 'Where can I find my Facebook settings?',3),
(4, 'Change Your Password', 'How do I change or reset my Facebook password?',3),
(5, 'Messaging', 'Why am I seeing an error message saying I can\'t reply to a conversation on Facebook?',7),
(6, 'Funds For Pages', 'Are fundraisers available for Pages?',7),
(7, 'Fake Accounts', 'How do I report a fake account?',7),
(8, 'Ad Preferences', 'How can I view and adjust my News Feed preferences?',25),
(9, 'Login and Password', 'Why am I being asked to enter my email login information while trying to reset my Facebook password?',25),
(10, 'Friending', 'Why can\'t I add someone as a friend on Facebook?',23),
(11, 'Your Privacy', 'How does privacy work with sites using Facebook Login?',24),
(12, 'Your Privacy', 'What are my privacy shortcuts?',23),
(13, 'Managing a Deceased Person\'s Account', 'What should I do if a person who has passed away is showing in People You May Know, ads or birthday reminders on Facebook?',20),
(14, 'Intellectual Property', 'What tools does Facebook provide to help me protect my intellectual property in my videos?',20),
(15, 'Take a Break', 'How do I take a break from someone on Facebook?',19),
(16, 'Take a Break', 'How can I stop someone from contacting me?',18),
(17, 'Block', 'How do I block messages from someone on Facebook?',17),
(18, 'Staying Safe', 'What are some things I can do to stay safe when requesting and offering help in Crisis Response?',15),
(19, 'Your Profile and Setiings', 'How do I automatically set my Facebook Page\'s messaging status to away outside of business hours?',17),
(20, 'Your Profile and Setiings', 'How do I download a copy of my information on Facebook?',15),
(21, 'Keeping Your Account Secure', 'What can I do to keep my Facebook account secure?',15),
(22, 'Keeping Your Account Secure', 'How is Facebook working to keep its community safe?',15),
(23, 'Deactivating or Deleting Your Account', 'What\'s the difference between deactivating and deleting my account?',21),
(24, 'Deactivating or Deleting Your Account', 'Can I remove the account of a friend or family member who\'s medically incapacitated?',11),
(25, 'Groups', 'Can a member of a Facebook group block an admin of the same group?',10);

-- --------------------------------------------------------


--
-- Dumping data for table `answer`
--

INSERT INTO `answer` (`fid`, `ans_text`, `rate`, `date_time`) VALUES
(1, 'Your name can\'t include:\nSymbols, numbers, unusual capitalization, repeating characters or punctuation.\nCharacters from multiple languages.\nTitles of any kind (example: professional, religious).\nWords or phrases in place of a name.\nOffensive or suggestive words of any kind.\nIf your name follows our standards and you\'re still having trouble changing it, find out why.\nOther things to keep in mind:\nThe name on your profile should be the name that your friends call you in everyday life. This name should also appear on an ID or document from our ID list.\nNicknames can be used as a first or middle name if they\'re a variation of your authentic name (like Bob instead of Robert).\nYou can also list another name on your account (example: maiden name, nickname, professional name).\nProfiles are for individual use only. You can create a Page for a business, organization or idea.\nPretending to be anything or anyone isn\'t allowed.', 10, '2006-03-01 13:00:00'),
(2, 'To choose what you get notifications about:\nClick account settings at the top-right corner and select Settings.\nClick Notifications on the left.\nClick to adjust how you get notifications and what you get notified about.', 10, '2007-03-01 11:00:00'),
(3, 'To find your settings:\nClick account settings in the top right of any Facebook page.\nClick Settings, then click on the setting you\'d like to update from the options in the left sidebar.\nSettings include:\nGeneral: Edit the basics like your name, email or password.\nSecurity and Login: Change your password, and turn on alerts and approvals to keep your account secure.\nPrivacy: Adjust who can see your stuff and who can look you up.\nTimeline and Tagging: Set who can see your timeline and how to manage photo tagging.\nBlocking: Manage who and what you block.\nLanguage: Select the language that you want to use for Facebook.\nFace Recognition: Turn face recognition on or off.', 10, '2009-05-11 03:00:00'),
(4, 'To change your password on Facebook if you\'re already logged in:\nClick account settings in the top right corner of any Facebook page and select Settings.\nClick Security and Login.\nClick Edit next to Change Password.\nEnter your current password and new password.\nClick Save Changes.\nIf you\'re logged in but have forgotten your password, follow the steps under Change Your Password then click Forgot your password? and follow the steps to reset it. Keep in mind that you\'ll need access to the email associated with your account.\nReset Your Password\nTo reset your password if you\'re not logged in to Facebook:\nGo to the Find Your Account Page.\nType the email, mobile phone number, full name or username associated with your account, then click Search.\nFollow the on-screen instructions.', 10, '2007-07-12 01:00:00'),
(5, 'If you see an error message saying “You can’t reply to this conversation,” it might be because:\n\nYou blocked the person you\'re trying to message, or they blocked you\nIf you blocked them, learn how to unblock someone. If they blocked you, learn about how blocking people on Facebook works.\n\nThe person you\'re messaging is no longer on Facebook\nIf the person deactivated or deleted their account, you won\'t be able to send messages to them.\n\nNo one else is in the group conversation\nIf you see this error message in a group conversation, the other people may have left the conversation.\n\nYou aren\'t connected to the internet\nYou can check your internet connection by testing if other apps or websites are working.', 10, '2010-08-11 04:00:00'),
(6, 'Fundraisers are currently only available for specific types of Facebook profiles and Pages.\nThese include:\nIndividual profiles\nPages for verified public figures\nPages for verified brands\nPages for verified nonprofits', 7, '2008-03-01 15:00:00'),
(7, 'A fake account is an account where someone is pretending to be something or someone that doesn\'t exist. Fake accounts can include accounts for fake or made up people, pets, celebrities or organizations. To report a fake account:\nGo to the profile of the fake account.\nIf you can\'t find it, try searching for the name used on the profile or asking your friends if they can send you a link to it.\nClick  on the cover photo and select Give feedback or report this profile.\nFollow the on-screen instructions for fake accounts to file a report.', 6, '2011-01-31 18:00:00'),
(8, 'Your News Feed preferences help you control what you see on your News Feed.\nTo view your News Feed preferences:\nClick account settings in the top right corner of any Facebook page (example: your home page).\nSelect News Feed Preferences.\nTo adjust your News Feed preferences:\nClick Prioritize who to see first to make posts from people or Pages appear at the top of your News Feed. Learn about see first.\nClick Unfollow people to hide their posts to unfollow a person, Page or group. Learn about unfollowing.\nClick Reconnect with people you unfollowed to follow a person, Page or group that you unfollowed in the past. Learn about reconnecting.\nClick See more options to see which apps you\'ve hidden from News Feed.', 7, '2006-03-01 19:00:00'),
(9, 'We need to make sure that this Facebook account belongs to you before we let you reset your password.\nIf you have an email with Gmail, Hotmail or Yahoo! listed on your Facebook account, you may have the option to reset your password immediately.\nInstead of waiting for an email with a special code or reset link, you can enter your email login information to reset your password.', 7, '2013-04-10 17:00:00'),
(10, 'You may not be able to add someone as a friend if:\nThey already deleted your friend request. Once they have deleted your request, you cannot send them a new request for one year. Ask them to send you a friend request instead.\nYou\'ve blocked them. To send a friend request to someone you\'ve blocked, learn how to unblock someone.\nThey set their privacy settings to get friend requests only from friends of friends on Facebook. Ask them to send you a request instead.\nYou have 5,000 friends or the friend you\'d like to add has 5,000 friends. If you need to connect with more than 5,000 people, you can change your personal account to a Facebook Page.\nYou already sent them a friend request. Click to see your sent friend requests.\nYou have been blocked from sending friend requests.', 8, '2005-03-12 13:34:59'),
(11, 'When you log into a website with your Facebook account, the site can access information you’ve added on Facebook. The site does this to offer you a social and personalized experience.\nThe Facebook Platform Policies restrict how these sites can use your information. For example:\nIf you’ve blocked someone on Facebook, they won’t be able to see you on a site you\'ve logged into.\nWhen people log into a site, they won’t be able to see information you\'ve added through Facebook that they wouldn’t be able to see by browsing on Facebook.', 7, '2016-09-11 00:00:01'),
(12, 'Your privacy shortcuts give you quick access to some of the most widely used privacy settings and tools. Click  at the top of the page and then click Privacy Shortcuts to see shortcuts that help you manage:\nWho can see my stuff?\nWho can contact me?\nHow do I stop someone from bothering me?\nThis is also where you\'ll find the latest privacy updates and other helpful tools. The shortcuts you find here may change over time to reflect the settings and tools that are most relevant.', 7, '2017-03-01 15:04:56'),
(13, 'If a friend has passed away, you or their family can memorialize their Facebook account. Memorialized accounts don\'t appear in ads, birthday reminders or as suggestions for People You May Know.\nMemorialization is a big decision. Before requesting memorialization, we recommend reaching out to the person\'s family.', 7, '2017-03-01 23:10:30'),
(14, 'Block: A blocked video is not viewable by anyone other than the person who posted it. If a blocked video is posted on a Page, it is not viewable by anyone other than administrators of that Page. You may be able to block a video worldwide or in specific countries where you own rights.\nClaim Ad Earnings: You may be able to claim money earned from a video that contains ad breaks. Your claim may apply to money earned from all views on a video or only views in specific countries where you own rights.\nApply Attribution: You may be able to insert a banner below a video linking it to your own content. You may be able to apply this banner worldwide or only in specific countries where you own rights.\nReport: You can use Rights Manager to send a copyright report to Facebook, which may result in the reported video being removed.', 9, '2015-03-01 19:00:45'),
(15, 'You can take a break from someone on Facebook when you change your relationship status to single, divorced or leave it blank. You can also take a break from anyone you want to see less.\nWhen you take a break from someone you\'ll be able to:\nSee less of someone: Limit where you see someone on Facebook. If you choose to see them less, their posts and posts they\'re tagged in won\'t appear in your News Feed and you won\'t be prompted to message them or tag them in photos. To see their posts again, you can follow them.\nLimit someone\'s ability to see your posts and posts you\'re tagged in: Hide your posts from the person you want to take a break from. They\'ll be added to your Restricted List and will only see posts you tag them in or share publicly.\nEdit who can see past posts: Limit who can see posts (example: photos, status updates, videos, etc.) you\'re tagged in, or that you\'ve tagged a person in by changing your privacy settings. The posts can only be seen by the people that are tagged in them. These posts won\'t appear on your timeline anymore, but will still appear on other peoples timelines and search results unless the person who originally posted them removes them. You\'ll also be removed as a contributor from any shared albums you have with the person you want to take a break from.\nIf you\'re looking for other ways to take a break from someone, you can:\nChange your profile picture.\nArchive your message thread.\nKeep in mind that you can always block or unfriend someone.', 8, '2012-03-01 20:00:00'),
(16, 'If someone’s bothering you on Facebook, the best way to stop them is to block them. Learn more about blocking. Other ways to limit someone\'s ability to contact you include:\nUnfriending them: Only your friends can post on your timeline. You can also change your settings to prevent anyone from posting on your timeline.\nBlocking their messages: When you block messages from someone, they\'ll no longer be able to contact you (ex: send you messages, call you) in Messenger or in Facebook chat.', 9, '2014-03-01 16:00:00'),
(17, 'To block messages from someone on Facebook:\nClick  at the top right of the page\nOpen the conversation with the person you\'d like to block\nClick  in the top right of the chat box\nClick Block > Block Messages', 9, '2014-03-01 10:00:00'),
(18, 'Here are some safety tips to keep in mind when requesting and offering help on Facebook in response to a crisis:\nMeet in a safe location: Try to meet in a public place. Before going to an agreed upon location, tell a family member or a friend the exact place where you will be meeting, bring your mobile phone and consider asking someone to come with you.\nProtect your privacy: People may need to share their personal information (example: mobile phone number, address) so that you can meet in person to provide assistance. Remember to always be cautious when sharing personal information with others and never share financial information.\nConsider mutual friends: Before messaging someone through Crisis Response, look to see if you and the person have mutual friends on Facebook. If you do share any mutual friends, you can then check in with your friend before meeting someone you don\'t know personally.\nReport suspicious posts: If you see a post that looks suspicious, please report the post to Facebook for our team to review. This will help keep the community safe.', 10, '2016-03-01 08:00:00'),
(19, 'To automatically set your Page\'s messaging status to away outside of business hours, first you need to create an away message for your Page.\nTo schedule away times:\nClick Inbox at the top of your Page.\nClick Automated Responses in the left column.\nClick Away Message under Greet Customers, then click Edit.\nClick next to Time Zone to select your time zone, then click +Add Time.\nSelect days of the week, then enter the time range you want your Page\'s status to be automatically set to away on those days.\nClick Save in the top right.\nYou can add multiple away times for your Page or delete away times by clicking ', 5, '2012-03-01 07:00:00'),
(20, 'If you want to download a copy of your information from Facebook, you can use the Download Your Information tool.\n\nTo download a copy of your Facebook data:\n\nGo to the top right of Facebook and click .\nClick Settings.\nClick Your Facebook Information.\nGo to Download Your Information and click View.\nTo add or remove categories of data from your request, click the boxes on the right side of Facebook.\nSelect other options, including:\nThe format of your download request.\nThe quality of photos, videos and other media.\nA specific date range of information. If you don\'t select a date range, you\'ll request all the information for the categories you\'ve selected.\nClick Create File to confirm the download request.\nAfter you\'ve made a download request, it will appear as Pending in the Available Files section of the Download Your Information Tool. It may take several days for us to finish preparing your download request\n\n\nOnce we\'ve finished preparing your download request, we\'ll send a notification letting you know it\'s ready.\n\nTo download a copy of data you requested:\n\nGo to the Available Files section of the Download Your Information tool.\nClick Download and enter your password.\nYou can also click Show more to view information about your download request, such as the format and when it will expire.', 5, '2011-03-01 07:00:00'),
(21, 'Protect your password. Never share your login information. Log out of Facebook when you use a computer you share with other people. Don\'t accept friend requests from people you don\'t know. Watch out for malicious software. Never click suspicious links, even if they appear to come from a friend or a company you know. Use our extra security options.', 5, '2008-03-01 06:00:00'),
(22, 'We\'re working to better protect your privacy and reduce the amount of misleading information on Facebook so that you see the stories that matter to you most.\n* Protecting Your Privacy.\n* Clickbait and Spam.\n* Fake Accounts.\n* False News.', 6, '2018-03-01 06:00:00'),
(23, 'If you deactivate your account:\nYou can reactivate whenever you want.\nPeople can\'t see your timeline or search for you.\nSome information may remain visible to others (example: messages you sent).\nIf you delete your account:\nYou can\'t regain access once it\'s deleted.\nWe delay deletion a few days after it\'s requested. A deletion request is cancelled if you log back into your Facebook account during this time.\nIt may take up to 90 days to delete data stored in backup systems. Your information isn\'t accessible on Facebook during this time.\nSome information, such as messaging history, isn\'t stored in your account. This means friends may still have access to messages you sent after your account has been deleted.\nCopies of some material (example: log records) may remain in our database but are disassociated from personal identifiers.', 9, '2009-03-01 05:00:00'),
(24, 'If your friend or family member is irreversibly mentally or physically unable to maintain their Facebook account, we may be able to help you remove it.\nFor a child under 13: We require our members to be at least 13 years old. If you believe there is a child under the age of 13 using Facebook, please report the account to us.\nFor someone over 13: Please submit a request here. We\'ll review the information you provide and let you know what action we can take. Keep in mind this form should only be used to report medically incapacitated users. Learn what to do if you\'ve lost access to your account, or how to report a hacked account or deceased user.', 8, '2009-03-01 02:00:00'),
(25, 'A group member can block the group admin, but that member\'s group activity will still be visible to the admin. Outside of the group, the group admin won\'t be able to see the member\'s activity. Learn more about what happens when you block someone.', 6, '2019-03-01 02:00:00');

-- --------------------------------------------------------


--
-- Dumping data for table `fb_page`
--

INSERT INTO `fb_page` (`pgid`, `name`, `phone`) VALUES
(1, 'Page1', '504-621-8927'),
(2, 'Page2', '810-292-9388'),
(3, 'Page3', '856-636-8749'),
(4, 'Page4', '907-385-4412'),
(5, 'Page5', '513-570-1893'),
(6, 'Page6', '419-503-2484'),
(7, 'Page7', '773-573-6914'),
(8, 'Page8', '408-752-3500'),
(9, 'Page9', '605-414-2147'),
(10, 'Page10', '410-655-8723'),
(11, 'Page11', '215-874-1229'),
(12, 'Page12', '631-335-3414'),
(13, 'Page13', '310-498-5651'),
(14, 'Page14', '440-780-8425'),
(15, 'Page15', '956-537-6195'),
(16, 'Page16', '602-277-4385'),
(17, 'Page17', '931-313-9635'),
(18, 'Page18', '414-661-9598'),
(19, 'Page19', '313-288-7937'),
(20, 'Page20', '815-828-2147'),
(21, 'Page21', '610-545-3615'),
(22, 'Page22', '408-540-1785'),
(23, 'Page23', '972-303-9197'),
(24, 'Page24', '518-966-7987'),
(25, 'Page25', '732-658-3154');

-- --------------------------------------------------------


--
-- Dumping data for table `story`
--

INSERT INTO `story` (`sid`, `url`, `post_by`, `date_time`, `views`) VALUES
(1, 'https://www.facebook.com/stories/2149740805348579/UzpfSVNDOjMwMTU3OTc0MzUxMTIwNzM=/', 1, '2006-03-01 13:00:00', 43),
(2, 'https://www.facebook.com/stories/2149740805348579/UzpfSVNDOjMwMTU3OTc0MzUxMTIwNzM=/', 2, '2007-03-01 11:00:00', 31),
(3, 'https://www.facebook.com/stories/2149740805348579/UzpfSVNDOjMwMTU3OTc0MzUxMTIwNzM=/', 3, '2009-05-11 03:00:00', 18),
(4, 'https://www.facebook.com/stories/2149740805348579/UzpfSVNDOjMwMTU3OTc0MzUxMTIwNzM=/', 4, '2007-07-12 01:00:00', 10),
(5, 'https://www.facebook.com/stories/2149740805348579/UzpfSVNDOjMwMTU3OTc0MzUxMTIwNzM=/', 5, '2010-08-11 04:00:00', 65),
(6, 'https://www.facebook.com/stories/2149740805348579/UzpfSVNDOjMwMTU3OTc0MzUxMTIwNzM=/', 6, '2008-03-01 15:00:00', 45),
(7, 'https://www.facebook.com/stories/2149740805348579/UzpfSVNDOjMwMTU3OTc0MzUxMTIwNzM=/', 7, '2011-01-31 18:00:00', 13),
(8, 'https://www.facebook.com/stories/2149740805348579/UzpfSVNDOjMwMTU3OTc0MzUxMTIwNzM=/', 8, '2006-03-01 19:00:00', 23),
(9, 'https://www.facebook.com/stories/2149740805348579/UzpfSVNDOjMwMTU3OTc0MzUxMTIwNzM=/', 9, '2013-04-10 17:00:00', 33),
(10, 'https://www.facebook.com/stories/2149740805348579/UzpfSVNDOjMwMTU3OTc0MzUxMTIwNzM=/', 10, '2005-03-12 13:34:59', 43),
(11, 'https://www.facebook.com/stories/2149740805348579/UzpfSVNDOjMwMTU3OTc0MzUxMTIwNzM=/', 11, '2016-09-11 00:00:01', 42),
(12, 'https://www.facebook.com/stories/2149740805348579/UzpfSVNDOjMwMTU3OTc0MzUxMTIwNzM=/', 12, '2017-03-01 15:04:56', 89),
(13, 'https://www.facebook.com/stories/2149740805348579/UzpfSVNDOjMwMTU3OTc0MzUxMTIwNzM=/', 13, '2017-03-01 23:10:30', 76),
(14, 'https://www.facebook.com/stories/2149740805348579/UzpfSVNDOjMwMTU3OTc0MzUxMTIwNzM=/', 14, '2015-03-01 19:00:45', 45),
(15, 'https://www.facebook.com/stories/2149740805348579/UzpfSVNDOjMwMTU3OTc0MzUxMTIwNzM=/', 15, '2012-03-01 20:00:00', 23),
(16, 'https://www.facebook.com/stories/2149740805348579/UzpfSVNDOjMwMTU3OTc0MzUxMTIwNzM=/', 16, '2014-03-01 16:00:00', 56),
(17, 'https://www.facebook.com/stories/2149740805348579/UzpfSVNDOjMwMTU3OTc0MzUxMTIwNzM=/', 17, '2014-03-01 10:00:00', 56),
(18, 'https://www.facebook.com/stories/2149740805348579/UzpfSVNDOjMwMTU3OTc0MzUxMTIwNzM=/', 18, '2016-03-01 08:00:00', 67),
(19, 'https://www.facebook.com/stories/2149740805348579/UzpfSVNDOjMwMTU3OTc0MzUxMTIwNzM=/', 19, '2012-03-01 07:00:00', 54),
(20, 'https://www.facebook.com/stories/2149740805348579/UzpfSVNDOjMwMTU3OTc0MzUxMTIwNzM=/', 20, '2011-03-01 07:00:00', 116),
(21, 'https://www.facebook.com/stories/2149740805348579/UzpfSVNDOjMwMTU3OTc0MzUxMTIwNzM=/', 21, '2008-03-01 06:00:00', 78),
(22, 'https://www.facebook.com/stories/2149740805348579/UzpfSVNDOjMwMTU3OTc0MzUxMTIwNzM=/', 22, '2018-03-01 06:00:00', 75),
(23, 'https://www.facebook.com/stories/2149740805348579/UzpfSVNDOjMwMTU3OTc0MzUxMTIwNzM=/', 23, '2009-03-01 05:00:00', 98),
(24, 'https://www.facebook.com/stories/2149740805348579/UzpfSVNDOjMwMTU3OTc0MzUxMTIwNzM=/', 24, '2009-03-01 02:00:00', 70),
(25, 'https://www.facebook.com/stories/2149740805348579/UzpfSVNDOjMwMTU3OTc0MzUxMTIwNzM=/', 25, '2019-03-01 02:00:00', 88);

-- --------------------------------------------------------


--
-- Dumping data for table `fb_group`
--

INSERT INTO `fb_group` (`gid`, `name`, `privacy`) VALUES
(1, 'Group1', 'Closed'),
(2, 'Group2', 'Public'),
(3, 'Group3', 'Closed'),
(4, 'Group4', 'Secret'),
(5, 'Group5', 'Secret'),
(6, 'Group6', 'Public'),
(7, 'Group7', 'Secret'),
(8, 'Group8', 'Public'),
(9, 'Group9', 'Public'),
(10, 'Group10', 'Closed'),
(11, 'Group11', 'Closed'),
(12, 'Group12', 'Public'),
(13, 'Group13', 'Secret'),
(14, 'Group14', 'Public'),
(15, 'Group15', 'Closed'),
(16, 'Group16', 'Closed'),
(17, 'Group17', 'Secret'),
(18, 'Group18', 'Public'),
(19, 'Group19', 'Closed'),
(20, 'Group20', 'Secret'),
(21, 'Group21', 'Closed'),
(22, 'Group22', 'Public'),
(23, 'Group23', 'Secret'),
(24, 'Group24', 'Closed'),
(25, 'Group25', 'Public');

-- --------------------------------------------------------


--
-- Dumping data for table `post`
--

INSERT INTO `post` (`pid`, `url`, `Data`, `date_time`, `privacy`) VALUES
(1, 'https://www.facebook.com/stories/2149740805348579/UzpfSVNDOjMwMTU3OTc0MzUxMTIwNzM=/', 'Imran khan: Pakistan should bat first ????\nSarfaraz: mere ko bowling karni hai ????\nImran khan right now!! ????????\n#PakvsInd', '2006-03-01 13:00:00', 'Public'),
(2, 'https://www.facebook.com/mominsaqibofficial/videos/377204102928887/UzpfSTEwMDAwOTQ1MDAxNjAwMDoyMzgzODU4ODUxOTM5MDky/', 'Saif Khan At MAnchester\'s Old Trafford', '2019-06-16 17:00:00', 'Public'),
(3, 'https://www.facebook.com/dawndotcom/photos/a.250924510441/10162026570590442/?type=3&theater', 'India are 172-1 at the end of 30 overs after being put in to bat first by Pakistan in their crucial World Cup 2019 fixture at Old Trafford in Manchester.\n\n#CWC19 #PAKvsIND #DawnToday', '2019-06-16 16:00:00', 'Public'),
(4, 'https://www.facebook.com/images.dawn/photos/a.501245856718169/1381648092011270/?type=3&theater', 'It doesn’t get any better than this! #WasimAkram photobombing #RanveerSingh and #ZainabAbbas’ selfie right before the PakvInd match!', '2017-03-01 15:04:56', 'Public'),
(5, 'https://www.facebook.com/images.dawn/photos/a.501245856718169/1381727318670014/?type=3&theater', '\"I shall cherish this picture forever,\" wrote #MawraHocane on #FathersDay\n\nimages.dawn.com/news/1183037', '2016-09-11 00:00:01', 'Public'),
(6, 'https://www.facebook.com/images.dawn/photos/a.501245856718169/1381727318670014/?type=3&theater', 'Follow live updates on #PakistanvsIndia at dawn.com\n\n#WorldCup2019 #IndiavsPakistan #DawnToday', '2019-06-16 12:00:15', 'Public'),
(7, 'https://www.facebook.com/images.dawn/photos/a.501245856718169/1381727318670014/?type=3&theater', 'Federal Minister for Foreign Affairs, Shah Mehmood Qureshi has arrived in Manchester for the mighty #PAKvsIND clash today.\n\n#WorldCup2019 #IndiavsPakistan #DawnToday', '2018-03-12 06:09:12', 'Public'),
(8, 'https://www.facebook.com/images.dawn/photos/a.501245856718169/1381727318670014/?type=3&theater', 'This is the second meeting of the leadership of the two main opposition parties in less than a month.\n\n#DawnToday', '2019-06-16 14:07:00', 'Public'),
(9, 'https://www.facebook.com/images.dawn/photos/a.501245856718169/1381727318670014/?type=3&theater', 'Met Office has also forecast an 80 per cent chance of heavy rain at 5pm. Prior to 5pm, there is a 10 per cent chance of rain.', '2019-06-16 11:00:00', 'Public'),
(10, 'https://www.facebook.com/images.dawn/photos/a.501245856718169/1381727318670014/?type=3&theater', 'Get innovative with toppings. That’s the fun part about making focaccia bread. Fresh out of the oven, this is bound to become one of your household favourites. #Recipes', '2019-06-16 11:16:00', 'Public'),
(11, 'https://www.facebook.com/images.dawn/photos/a.501245856718169/1381727318670014/?type=3&theater', 'Mohammad Amir’s message ahead of the #IndvPak clash — the most highly anticipated group match of the #WorldCup — in Manchester.', '2019-06-16 11:07:00', 'Public'),
(12, 'https://www.facebook.com/images.dawn/photos/a.501245856718169/1381727318670014/?type=3&theater', 'Isn’t it the government’s duty to make sure that #MehdiHassan\'s final resting place remains in a condition that can prove to the rest of the world that we care about our artists?', '2019-06-16 10:00:00', 'Public'),
(13, 'https://www.facebook.com/images.dawn/photos/a.501245856718169/1381727318670014/?type=3&theater', 'The Ministry of Science and Technology on Saturday issued a response to allegations that federal minister Fawad Chaudhry slapped journalist Sami Ibrahim and said that the \"incident\" should not be treated as a \"clash between two institutions but as a confl', '2019-06-15 21:56:00', 'Public'),
(14, 'https://www.facebook.com/images.dawn/photos/a.501245856718169/1381727318670014/?type=3&theater', 'The first police station in South Waziristan\'s Wana town has started operations in the area, Director of Public Relations of Khyber Pakhtunkhwa Police Shahzada Farooq Kokab told DawnNews TV.', '2019-06-15 16:23:00', 'Public'),
(15, 'https://www.facebook.com/icc/videos/2257881904257470/', 'We\'re LIVE with Bollywood superstar Ranveer Singh!', '2019-06-16 16:53:00', 'Public'),
(16, 'https://www.givemesport.com/1483164-cristiano-ronaldo-trumps-lionel-messi-for-goals-in-competitive-international-games?autoplay=on&utm_source=Facebook&utm_medium=Organic-Social&utm_campaign=Manual-1stedition&fbclid=IwAR12guIbJHuWq5IlsE_bl5uziTc_oQgv5VS0x2BUGJnJ4CtDwDyOmud_SuU', 'Cristiano Ronaldo ????????\nCompetitive goals: 71 (17 in friendlies)\n\nLionel Messi ????????\nCompetitive goals: 35 (32 in friendlies)\n\nMessi vs Ronaldo is hardly a debate in international football ????', '2019-06-16 17:20:00', 'Public'),
(17, 'https://www.facebook.com/ESPNFC/videos/457088254865980/', 'Eden Hazard was officially unveiled as a Real Madrid C.F. player on Thursday.\n\nThe fans LOVED IT when he kissed the club\'s badge', '2019-06-14 00:47:00', 'Public'),
(18, 'https://www.facebook.com/realdha/photos/pcb.2290647457915781/2290645507915976/?type=3&theater', '10-marla #Brandnew Modern #Bungalow for sale in phase-6 DHA Lahore \nProper DOUBLE UNIT Bungalow in a Reasonable Price.\nPost I’d : 6004\n#Contact : 0321 48 13 092', '2019-06-16 14:10:00', 'Public'),
(19, 'https://www.facebook.com/goal/photos/a.112071118597/10157622748238598/?type=3&theater', 'Messi might be the ???? for Barcelona, but at Copa America it\'s a different story!\n\nCartoon by Omar Momani ????', '2019-06-16 16:05:00', 'Public'),
(20, 'https://www.facebook.com/RealMadrid/videos/344246769588698/', '???????? EXCLUSIVE | Eden Hazard INTERVIEW\n\"This white shirt means a lot to me. Real Madrid C.F. is the best club in the world.\"\n#WelcomeHazard | #HalaMadrid', '2019-06-16 14:00:00', 'Public'),
(21, 'https://www.facebook.com/ellentv/videos/410954002852675/', 'We all have burning questions for Jake Gyllenhaal, but today I have burning answers.', '2019-06-14 10:55:00', 'Public'),
(22, 'https://www.facebook.com/BunduKhanPakistan/photos/pcb.2384830161574327/2384821044908572/?type=3&theater', 'Bundu Khan Royal\nNow Open at Minar-e-Pakistan,\nGreater Iqbal Park, Lahore\n\nUAN:042-111-4444-11', '2019-06-16 15:24:00', 'Public'),
(23, 'https://www.facebook.com/cricketworldcup/photos/a.509573799078802/2346168165419347/?type=3&theater', 'Amir strikes!\n\nPandya attempts the helicopter shot and he\'s caught on the boundary by Babar Azam ????', '2019-06-16 17:31:00', 'Public'),
(24, 'https://www.facebook.com/GiveMeSport/videos/1151078978349640/', 'Manchester United 2019/20 relegation confirmed ????', '2019-06-16 15:59:00', 'Public'),
(25, 'https://www.facebook.com/pakwheels/videos/462915241133016/', 'Finally the wait is over! \nThe All New Suzuki Alto 2019 Price Specifications and Features Revealed!\n\n#PakWheels #Suzuki #Alto', '2019-06-15 21:07:00', 'Public');

-- --------------------------------------------------------


--
-- Dumping data for table `notification`
--

INSERT INTO `notification` (`nid`, `date_time`, `data`, `post_id`, `uid`, `uname`) VALUES
(1, '2006-03-01 13:00:00', 'changed profile picture', 1, 1, 'James Butt'),
(2, '2006-03-01 13:00:00', 'updated profile picture', 1, 2, 'Josephine Darakjy'),
(3, '2019-03-01 02:00:00', 'mentioned you in a comment', 11, 2, 'Josephine Darakjy'),
(4, '2019-03-01 02:00:00', 'sent you a friend request', 11, 7, 'Imran Khan'),
(5, '2018-03-01 06:00:00', 'is live now', 21, 7, 'Imran Khan'),
(6, '2016-03-01 08:00:00', 'likes your photo', 12, 7, 'Imran Khan'),
(7, '2016-03-01 08:00:00', 'replied to your comment', 12, 2, 'Josephine Darakjy'),
(8, '2018-03-01 06:00:00', 'likes your post', 21, 12, 'Alisha Slusarski'),
(9, '2011-03-01 07:00:00', 'accepted your friend request', 13, 12, 'Alisha Slusarski'),
(10, '2012-03-01 07:00:00', 'you have a new fried suggestion', 14, 7, 'Imran Khan'),
(11, '2008-03-01 06:00:00', 'commented on your post', 15, 2, 'Josephine Darakjy'),
(12, '2014-03-01 10:00:00', 'poked you', 16, 20, 'Rozella Ostrosky'),
(13, '2014-03-01 10:00:00', 'your facebook information file is ready to download', 16, NULL, NULL),
(14, '2014-03-01 16:00:00', 'you have memories to look back on today', 17, 18, 'Albina Glick'),
(15, '2014-03-01 16:00:00', 'posted a new post', 17, 19, 'Jose Stockham'),
(16, '2015-03-01 19:00:45', 'has invited you to like page', 18, 21, 'Valentine Gillian'),
(17, '2017-03-01 23:10:30', 'tagged you in a post', 9, 25, 'Karl Klonowski'),
(18, '2016-09-11 00:00:01', 'We\'ve noticed an unusual device or location you usually don\'t use', 5, NULL, NULL),
(19, '2011-01-31 18:00:00', 'shared a post', 3, 24, 'Amber Monarrez'),
(20, '2010-08-11 04:00:00', 'shared a memory', 2, 22, 'Kati Rulapaugh'),
(21, '2013-04-10 17:00:00', 'changed cover photo', 4, 14, 'Chanel Caudy'),
(22, '2009-05-11 03:00:00', 'shared your post', 23, 13, 'Bernardo Figeroa'),
(23, '2009-05-11 03:00:00', 'your post has been approved', 25, 5, 'Simona Morasca'),
(24, '2013-04-10 17:00:00', 'We\'ve noticed your report', 4, 7, 'Imran Khan'),
(25, '2013-04-10 17:00:00', 'your post has been removed because it violated facebook community rules', 4, 8, 'Kris Marrier');

-- --------------------------------------------------------


--
-- Dumping data for table `comments`
--

INSERT INTO `comments` (`uid`, `post_id`, `date_time`, `data`) VALUES
(1, 1, '2019-06-16 17:00:00', 'Wow cool post, thanks for sharing'),
(1, 23, '2017-03-01 15:04:56', 'nice pic bro'),
(2, 23, '2017-03-01 15:04:56', 'level'),
(3, 5, '2019-06-16 11:16:00', 'Hello nice pic dear'),
(5, 6, '2019-06-16 15:24:00', 'OHYHH <3'),
(6, 6, '2019-06-16 11:00:00', 'pretty'),
(7, 2, '1992-02-02 00:00:00', 'Hey Jamaima you there?'),
(7, 3, '1992-02-05 00:00:00', 'waseem tell him..'),
(7, 5, '1992-04-01 00:00:00', 'we won the worldcup'),
(8, 4, '2019-06-14 10:55:00', 'lalalalalala'),
(8, 22, '2016-09-11 00:00:01', 'pakistan zindabad'),
(9, 4, '2017-03-01 15:04:56', 'Okay'),
(10, 9, '2019-06-15 21:07:00', 'Done'),
(10, 20, '2018-03-12 06:09:12', 'yes lol'),
(16, 16, '2017-03-01 15:04:56', 'i have it'),
(17, 3, '2019-06-14 00:47:00', 'You\'re welcome'),
(18, 19, '2019-06-14 10:55:00', 'We\'ll see'),
(19, 6, '2019-06-16 17:31:00', 'Scene On'),
(20, 11, '2019-06-16 16:05:00', 'Thankyou :)'),
(21, 1, '2006-03-01 13:00:00', 'XDDD'),
(22, 12, '2019-06-16 17:31:00', ':p'),
(23, 1, '2019-06-16 11:00:00', 'that\'s just awesome'),
(23, 23, '2017-03-01 15:04:56', ':/'),
(24, 17, '2019-06-16 17:00:00', '<3'),
(25, 25, '2017-03-01 15:04:56', 'HAHAHAHAH');

-- --------------------------------------------------------


--
-- Dumping data for table `message`
--

INSERT INTO `message` (`mid`, `User_To`, `User_from`, `date_time`, `data`) VALUES
(1, 7, 26, '2017-04-03 00:00:00', 'Jemima you there?'),
(2, 7, 26, '2017-04-03 00:00:00', 'ok don\'t reply marzi'),
(3, 7, 2, '2015-02-01 00:00:00', 'hey'),
(4, 1, 2, '2019-06-16 17:00:00', 'no problem'),
(5, 3, 2, '2017-03-01 15:04:56', 'let me email you'),
(6, 6, 4, '2016-09-11 00:00:01', 'goodbye'),
(7, 7, 3, '2019-06-16 16:00:00', 'look where i have come'),
(8, 8, 9, '2019-06-16 12:00:15', 'HAHAHAHAH then what did he tell you'),
(9, 10, 1, '2018-03-12 06:09:12', 'ykw i just proposed him last night'),
(10, 1, 3, '2019-06-16 14:07:00', 'jeez you\'re so gross'),
(11, 4, 5, '2019-06-16 11:07:00', 'i like you but as friend'),
(12, 8, 9, '2019-06-15 21:56:00', 'you\'re my best buddy'),
(13, 9, 8, '2019-06-15 21:58:00', 'sameeee pal'),
(14, 10, 8, '2019-06-16 10:00:00', 'so is he okay with you now'),
(15, 11, 5, '2019-06-16 14:00:00', 'how\'s my new DP'),
(16, 5, 11, '2019-06-16 14:02:00', 'FANTASTIC'),
(17, 23, 24, '2019-06-16 15:24:00', 'so he did harass youuu :@'),
(18, 25, 7, '2019-06-16 14:00:00', 'IMRAN KHAN YOU\'RE AWESOME LOVE FROM PATWARI'),
(19, 2, 8, '2019-06-16 15:24:00', 'how\'s weather in portland'),
(20, 8, 2, '2019-06-14 10:55:00', 'summer\'s just started'),
(21, 17, 15, '2019-06-15 21:07:00', 'cool then meet me tomorrow'),
(22, 15, 17, '2019-06-16 15:59:00', 'as you say'),
(23, 14, 13, '2019-06-16 15:24:00', 'when are you coming back here?'),
(24, 13, 14, '2019-06-14 10:55:00', 'soon after my semester\'s final'),
(25, 16, 1, '2016-09-11 00:00:01', 'keeep ignoring me... :/');

-- --------------------------------------------------------


--
-- Dumping data for table `ad`
--

INSERT INTO `ad` (`aid`, `url`, `data`, `posted_by`) VALUES
(1, 'facebook.com/clear/sponsoredad', 'This world cup season, CLEAR brings you an opportunity to predict and win big!\n\nBuy any 400ml bottle by clicking below, predict the winner and win exclusive cricket merchandise.', 1),
(2, 'https://goo.gl/xKNXjs', 'Did you know Cyber Security jobs pay up to $147,290 annually! ????\n\nAdvance your career today with our FREE Cyber Security Training!', 2),
(3, 'https://www.luxstyle.pk/lsa2019/nominees/', 'Introducing #LSA2019 nominations! Head over to https://www.luxstyle.pk/lsa2019/nominees/ and vote for your favorite nominees to win an iphone!', 3),
(4, 'https://www.microsoftedgeinsider.com/en-us/?form=M300QU&OCID=M300QU&fbclid=IwAR2UrJPk3_u3rE1ifgTOQCiaz_KcouaDSKw23ewwdC3Ho-I4jOIpdYGzLUk', 'Now available for MacOS! Try the latest preview builds of our Chromium-based Microsoft Edge and let us know what you think.', 4),
(5, 'https://join.landr.com/en-fb/mastering/?utm_medium=cpc&utm_source=facebook&utm_campaign=Acquisition_Mastering_ENSpeakers_FeedAd&utm_content=LAL2_LTV_EN_Speakers&utm_id=5cca0ac7af9d771b336d8497&fbclid=IwAR1az5dDWI6r7Ff_zf5_G03c4TFr9LjWvExae5PPhKiLMl1rL6-6n3DuDDk', 'Find your style with three unique mastering settings. Get started now.', 5),
(6, 'http://bogo.pk/lahore?utm_source=facebook&utm_medium=cpc&utm_campaign=top_brandwall_lhr&fbclid=IwAR1tCZuuZRUX24Ac9CXU5Kaajm4zbhjMgwujBD9FwhNhwrvnnKXkfphOLjg#order-now', '500+ Buy One Get One Offers Across Lahore.\nFLAT 50% off on the App or Book.\n\nWith Bogo 2019 and enjoy savings for the rest of the year.\nBuy today: bogo.pk/lahore', 6),
(7, 'https://www.facebook.com/#', 'Indigo Boutique Apartments, gulberg three, Lahore\n\n? approved from Lahore Development Authority (EL)\n? Annual Rental Y?y?l? 6 TO 7 % expected\n? EASY INSTALLMENTS DURATION 2 years', 7),
(8, 'https://www.lexception.pk/collections/rings/products/18k-platinum-plated-ring-4?fbclid=IwAR0UyIclTuNpcp7wU4AaZN190XEWq3nV81GMLfnWi2AMZzj9IwC2QPEOw2o', 'Sale is now on! Get these amazing rings in discounted prices and very high quality! Limited time offer only! Click get offer and book your design now!', 8),
(9, 'https://www.x-patrio.com/blocked-account/exploration?utm_source=facebook+instagram&utm_medium=social&utm_campaign=CY%3AINT_L%3AJUNE_CH%3AFB_TY%3AIN_OB%3ALEAD_DET%3ABLOCKED_ACCOUNT&utm_content=XP_NF_BA_1200x1200_1872&utm_id=23843508139110360&fbclid=IwAR0tgB-tQ2-Uuh_rjjtHsLrqe3aFMKOkPFAp9zVjRz4FBHQLH5dKiI9IYUk', 'Let us take care of your Blocked Account and you can take care of enjoying your studies in Germany.\n???? Open it online\n???? Receive official confirmation on the next day - latest\n?? Approved for German visa application process', 9),
(10, 'http://beta.makerbrane.com/?utm_source=juicefacebook&utm_medium=paidsocial&utm_campaign=prospection_interest_engineer&fbclid=IwAR1T7eOR-cG298BMNccBp6hABJIX6Va2Yj8VsfbN2p2O9L2LfCYSXA9kOwM', '????We\'re a physical and digital platform!\n????You can create your design online... but also build crazy constructions for real, using @lego\n@littlebits @Playmobil and many more! ????JOIN US to BUILD ANYTHING, online and offline ??????????????', 10),
(11, 'https://www.airvuz.com/collection/pakistan-from-the-sky?id=SJ67ALLSW&fbclid=IwAR3-BuSrHtSoJiUE2y2Py_Xr2y-i_Bjv1EQwnrNcEBShecXPMGUFPRMfdLE', 'Check out this amazing collection of drone videos from Pakistan.', 11),
(12, 'https://www.hrpakistan.com/', 'Want to study in the UK? Meet 100+ top ranked Universities from UK at the HR Education Expo\'19 in Lahore on Wednesday, 19th, and Thursday, 20th, June in Avari Hotel from 2PM till 8 PM! *Free Registration & Entry*', 12),
(13, 'https://www.exportleftovers.com/collections/daily-deals?fbclid=IwAR2puHOjUX78toaIDhUz4s5ylArbUelkTBEKXFntsWhaeWtA3FhQvarYjjo', 'Fasih a student from LUMS did an elo challenge and bought 10 pieces of clothing for just Rs.5,000. You love fashion but got tight budget. Look no further, elo is the right place for you. Get amazing value for money on top fashion brands.', 11),
(14, 'tucpakistan.com/', 'Tune in to the spirit of victory with Josh-e-Junoon and cheer for your team with Tuc!\n\n#JosheJunoon #TucCricketJunoon #TUCricket #TUCPakistan', 13),
(15, 'https://www.airfarewatchdog.com/cheap-flights/row/?source=121182&traqparam=G6095758042432-A6095758042832&fbclid=IwAR1qEDOXWxen1uyvwSIdfRgPs_AcolH9-w-V0IAhgifDkE_kbYMnkBW_NBk', 'Never overpay for your flight at AirFareWatchdog. Book your next flight now.', 13),
(16, 'https://www.coursera.org/specializations/gcp-architecture?utm_source=fb&utm_medium=onlineads&utm_campaign=B2C_RL_gcp-architecture_information-technology_cloud-computing_prospecting&utm_content=B2C_RL_gcp-architecture_new-copy_certification_static_banner_generic+-+Copy&utm_term=B2C_RL_gcp-architecture_PK_BD_custom-audience_coursera-and-cloud-computing+-+Copy&fbclid=IwAR0-HezSeIJe0bTq9BzzLVHVe7X3A7Gqa3H93kNXQFzczi0FLhQz9qRSwt0', 'Searching for the IT certification with the highest annual salary? Start working towards becoming a certified Google Professional Cloud Architect today with hands-on labs and in-depth lectures around your schedule in this 6 course Specialization, only on Coursera.', 15),
(17, 'http://ilaan.com/property?ilaanId=IP0000038951117', 'Front Marketing through the courtesy of ilaan.com is offering a 1 Kanal plot for sale in Johar Block of Bahria Town, Lahore. Click on the link given below to get more information.', 17),
(18, 'http://www.dominos.com.pk/?fbclid=IwAR3xII534ZOxiVWbgFg6Icwbam8TMl2W0gR7helmRAU8etU3UgOBAylntMM', 'Great deals to choose from! Enjoy our Favorite and Premium Deals with your friends and family. \nOrder Now: www.dominos.com.pk I 111-366-466\n\n#Dominos #FavoriteDeals #PremiumDeal #DealsToLiveBy #PizzaLove #GreatnessbyDominos', 18),
(19, 'http://bruma.no/5YJF?utm_source=facebook&utm_medium=paidsocial+SS+2019+-+Ocean+blue+checkered+shirt+with+white+BG+%2B+navy+melange+checkered+shirt+with+beige+trouser+combo+-+Post+Boost+-+26th+April+2019&utm_campaign=SS+2019+-+Ocean+blue+checkered+shirt+with+white+BG+%2B+navy+melange+checkered+shirt+with+beige+trouser+combo+-+Post+Boost+-+26th+April+2019&utm_content=oceanblue-navymlngchkrd&oceanblue-navymlngchkrd&fbclid=IwAR3pHMb1j559i-36K9BPUzxFj6DxkdXjohUrWMhthONI1tDd9cJK_OyErh0', 'Today\'s look: Pair up this dark navy melange checkered shirt with beige satin trouser for an off-duty relaxing look', 20),
(20, 'www.bykea.com/', 'Jab bhai ho sath tau fikar ki kya baat!\nKahin bhi jana ho ya kuch bhi mangwana ho, bus Bykea karo!\nBykea, tau samjho bhai kiya!', 25),
(21, 'www.eatmubarak.com/', 'Bringing you the best deals always! Enjoy watching ICC World Cup with some great food! Pakistan Zindabad!', 25),
(22, 'https://www.gulahmedshop.com/sale?fbclid=IwAR3bt8F6XLpqH2QDbcEZzhxTlN5eQIXBirhISIXErP2vPxSGjGHbGwUsEe0', 'This Fathers Day, Ideas has got your back covered with flat 25% off on Men\'s Apparel & Unstitched fabric.', 25),
(23, 'https://www.victoryleague.com.pk/?fbclid=IwAR2y4FovRcOzGEpSSi5pXKlxdi74dl-I0j79igoe6CBn5nStUcTGtuVjWJM', 'Jeet kay Dikhao! Khelain Pakistan ki Best Fantasy Game, VICTORY LEAGUE aur jeetain exciting prizes har CRICKET match par. Khelnay ke liaye', 24),
(24, 'http://www.arcadiancafe.com/?fbclid=IwAR0gPkW9kbvirQl-S2FtDLZnARJk1Kdew6ywXa_I4ld8pSPOwFE3na5X-n0', 'Arcadian Cafe Gulberg, for years, has been more than just a restaurant. With our wonderfully assembled exotic menu, magnificent ambiance, and a world-class service, we deliver the perfect dining experience that makes us the first choice of scores of satisfied customers. We are looking forward to serve you!', 25),
(25, 'http://digitalrealm.com.pk/?fbclid=IwAR0lJTc2eZMEmevU3FaINDfoOOE9g1zFC1zbJgjsQRshP0gqDXsLiQHjYVg', 'Get Exclusive Finest Quality Gaming T-shirts Online or From Our Outlet Today', 1);

-- --------------------------------------------------------


--
-- Dumping data for table `friends`
--

INSERT INTO `friends` (`per_id`, `frie_id`, `relation`) VALUES
(1, 2, 'Friends'),
(1, 3, 'Friends'),
(2, 3, 'Friends'),
(2, 24, 'Friends'),
(3, 4, 'Friends'),
(4, 5, 'Friends'),
(4, 25, 'Friends'),
(5, 6, 'Friends'),
(5, 7, 'Friends'),
(5, 8, 'Friends'),
(7, 1, 'Friends'),
(7, 5, 'Friends'),
(7, 26, 'Friends'),
(9, 4, 'Friends'),
(10, 9, 'Friends'),
(11, 7, 'Friends'),
(11, 12, 'Friends'),
(16, 17, 'Friends'),
(18, 19, 'Friends'),
(18, 20, 'Friends'),
(18, 22, 'Friends'),
(25, 13, 'Friends'),
(25, 26, 'Friends'),
(26, 8, 'Friends'),
(26, 9, 'Friends');

-- --------------------------------------------------------


--
-- Dumping data for table `regions`
--

INSERT INTO `regions` (`aid`, `Region`) VALUES
(1, 'Africa'),
(2, 'Asia'),
(3, 'Carribean'),
(4, 'Central America'),
(5, 'Europe'),
(6, 'Oceania'),
(7, 'North America'),
(8, 'South America'),
(9, 'Asia, Europe'),
(10, 'Africa, Central America'),
(11, 'Europe, North America'),
(12, 'Oceania, Carribean'),
(13, 'Asia, Africa'),
(14, 'Asia, Carribean'),
(15, 'Carribean, Central America'),
(16, 'South America, North America'),
(17, 'South America, North America, Central America'),
(18, 'South America, North America, Europe'),
(19, 'Africa, Central America, Europe'),
(20, 'Africa, Central America, South Ameruca'),
(21, 'Oceania, Europe'),
(22, 'Oceania, Africa'),
(23, 'Oceania, Africa, Asia'),
(24, 'Oceania, Africa, Asia, Europe'),
(25, 'Oceania, Africa, Asia,Central America');

-- --------------------------------------------------------


--
-- Dumping data for table `notif_to`
--

INSERT INTO `notif_to` (`noti_id`, `userid`) VALUES
(1, 1),
(1, 7),
(2, 2),
(2, 7),
(2, 9),
(3, 4),
(3, 7),
(4, 5),
(4, 7),
(5, 6),
(6, 4),
(7, 7),
(8, 9),
(10, 10),
(11, 7),
(12, 6),
(13, 4),
(13, 6),
(13, 7),
(15, 7),
(16, 8),
(19, 4),
(20, 6),
(21, 8),
(23, 5);

-- --------------------------------------------------------


--
-- Dumping data for table `story_shown_to`
--

INSERT INTO `story_shown_to` (`story_id`, `uid`) VALUES
(1, 1),
(1, 7),
(2, 2),
(2, 7),
(2, 9),
(3, 4),
(3, 7),
(4, 5),
(4, 7),
(5, 6),
(6, 4),
(7, 7),
(8, 9),
(10, 10),
(11, 7),
(12, 6),
(13, 4),
(13, 6),
(13, 7),
(15, 7),
(16, 8),
(19, 4),
(20, 6),
(21, 8),
(23, 5);

-- --------------------------------------------------------


--
-- Dumping data for table `fb_like`
--

INSERT INTO `fb_like` (`uid`, `post_id`) VALUES
(1, 1),
(1, 7),
(2, 2),
(2, 7),
(2, 9),
(3, 4),
(3, 7),
(4, 5),
(4, 7),
(5, 6),
(6, 4),
(7, 7),
(8, 9),
(10, 10),
(11, 7),
(12, 6),
(13, 4),
(13, 6),
(13, 7),
(15, 7),
(16, 8),
(19, 4),
(20, 6),
(21, 8),
(23, 5);

-- --------------------------------------------------------


--
-- Dumping data for table `user_post`
--

INSERT INTO `user_post` (`upid`, `post_id`, `uid`) VALUES
(1, 7, 21),
(2, 7, 2),
(3, 7, 3),
(4, 1, 1),
(5, 23, 5),
(6, 2, 2),
(7, 3, 4),
(8, 4, 5),
(9, 5, 6),
(10, 7, 7),
(11, 8, 9),
(12, 6, 4),
(13, 2, 9),
(14, 4, 18),
(15, 10, 10),
(16, 11, 7),
(17, 12, 12),
(18, 13, 13),
(19, 13, 14),
(20, 13, 17),
(21, 15, 23),
(22, 16, 8),
(23, 19, 4),
(24, 20, 20),
(25, 21, 19);

-- --------------------------------------------------------


--
-- Dumping data for table `page_post`
--

INSERT INTO `page_post` (`ppid`, `post_id`, `page_id`) VALUES
(1, 1, 7),
(2, 2, 7),
(3, 3, 7),
(4, 21, 1),
(5, 23, 5),
(6, 2, 2),
(7, 3, 4),
(8, 4, 5),
(9, 5, 6),
(10, 7, 7),
(11, 8, 9),
(12, 6, 4),
(13, 2, 9),
(14, 4, 7),
(15, 10, 10),
(16, 11, 7),
(17, 12, 6),
(18, 13, 6),
(19, 13, 4),
(20, 13, 7),
(21, 15, 7),
(22, 16, 8),
(23, 19, 4),
(24, 20, 6),
(25, 22, 8);

-- --------------------------------------------------------


--
-- Dumping data for table `page_liked_by`
--

INSERT INTO `page_liked_by` (`pageid`, `uid`) VALUES
(1, 1),
(2, 2),
(2, 9),
(3, 4),
(4, 5),
(4, 18),
(5, 6),
(6, 4),
(7, 2),
(7, 3),
(7, 7),
(7, 21),
(8, 9),
(10, 10),
(11, 7),
(12, 12),
(13, 13),
(13, 14),
(13, 17),
(15, 23),
(16, 8),
(19, 4),
(20, 20),
(21, 19),
(23, 5);

-- --------------------------------------------------------


--
-- Dumping data for table `page_admin`
--

INSERT INTO `page_admin` (`pageid`, `uid`) VALUES
(1, 7),
(1, 21),
(2, 2),
(2, 7),
(3, 4),
(3, 7),
(4, 5),
(5, 6),
(6, 24),
(7, 7),
(8, 9),
(10, 10),
(11, 17),
(12, 6),
(12, 9),
(13, 4),
(13, 6),
(13, 7),
(14, 7),
(15, 7),
(16, 8),
(19, 4),
(20, 6),
(21, 8),
(23, 5);

-- --------------------------------------------------------


--
-- Dumping data for table `group_admin`
--

INSERT INTO `group_admin` (`gid`, `uid`) VALUES
(1, 7),
(1, 21),
(2, 2),
(2, 7),
(3, 4),
(3, 7),
(4, 5),
(5, 6),
(6, 24),
(7, 7),
(8, 9),
(10, 10),
(11, 17),
(12, 6),
(12, 9),
(13, 4),
(13, 6),
(13, 7),
(14, 7),
(15, 7),
(16, 8),
(19, 4),
(20, 6),
(21, 8),
(23, 5);

-- --------------------------------------------------------


--
-- Dumping data for table `group_post`
--

INSERT INTO `group_post` (`gpid`, `group_id`, `user_id`, `post_id`) VALUES
(1, 1, 7, 1),
(2, 1, 5, 2),
(3, 2, 5, 6),
(4, 4, 5, 6),
(5, 7, 8, 9),
(6, 10, 25, 1),
(7, 10, 25, 6),
(8, 11, 25, 1),
(9, 12, 24, 1),
(10, 19, 20, 7),
(11, 15, 15, 17),
(12, 20, 23, 21),
(13, 25, 9, 11),
(14, 16, 24, 17),
(15, 16, 7, 17),
(16, 25, 24, 17),
(17, 5, 7, 17),
(18, 6, 24, 19),
(19, 6, 4, 7),
(20, 20, 13, 21),
(21, 2, 3, 21),
(22, 8, 13, 12),
(23, 12, 13, 11),
(24, 8, 8, 8),
(25, 17, 10, 9);

-- --------------------------------------------------------


--
-- Dumping data for table `group_user`
--

insert into group_user values
(1, 7),
(1, 21),
(2, 2),
(2, 7),
(3, 4),
(3, 7),
(4, 5),
(5, 6),
(6, 24),
(7, 7),
(8, 9),
(10, 10),
(11, 17),
(12, 6),
(12, 9),
(13, 4),
(13, 6),
(13, 7),
(14, 7),
(15, 7),
(16, 8),
(19, 4),
(20, 6),
(21, 8),
(23, 5);

-- --------------------------------------------------------
